{
  "config": "full",
  "timestamp": "2025-12-01T20:26:51.095244",
  "num_requests": 200,
  "latency": {
    "mean": 13.620011431811355,
    "median": 13.538284498701938,
    "p95": 16.84910942882192,
    "p99": 17.518941653683612,
    "min": 8.636961840670942,
    "max": 17.558267248079204,
    "stddev": 1.8820352180776303
  },
  "rewards": {
    "mean": 0.8075376232692483,
    "min": 0.641969682180316,
    "max": 0.9479112540583126,
    "stddev": 0.05971147204329397
  },
  "exploration_modes": {
    "exploratory": 199,
    "balanced": 1,
    "conservative": 0
  },
  "elapsed_seconds": 0.002857685089111328
}