{
  "burst_factor": 2.0,
  "duration_sec": 10.0,
  "warmup_sec": 2.0,
  "batch_size": 32,
  "baseline_normal": {
    "mean_ms": 15.064291027100348,
    "p50_ms": 14.849889000061012,
    "p90_ms": 15.347486999871762,
    "p95_ms": 16.873797000016566,
    "p99_ms": 17.971840999962296,
    "max_ms": 18.47766299988507,
    "std_ms": 0.6816761750008159,
    "samples": 664,
    "errors": 0,
    "throughput_qps": 66.4
  },
  "baseline_burst": {
    "mean_ms": 17.04408988415416,
    "p50_ms": 16.53054799999154,
    "p90_ms": 18.419734000190147,
    "p95_ms": 19.41056399982699,
    "p99_ms": 21.67650199999116,
    "max_ms": 23.818871000003128,
    "std_ms": 1.2785783713059922,
    "samples": 587,
    "errors": 0,
    "throughput_qps": 58.7
  },
  "adaptive_normal": {
    "mean_ms": 4.805714986572264,
    "p50_ms": 4.656314999945243,
    "p90_ms": 5.069617000142534,
    "p95_ms": 5.192352000019673,
    "p99_ms": 7.141561000151341,
    "max_ms": 8.550387000038972,
    "std_ms": 0.43101114353795655,
    "samples": 2160,
    "errors": 0,
    "throughput_qps": 216.0
  },
  "adaptive_burst": {
    "mean_ms": 3.1043183390923312,
    "p50_ms": 3.3148729999335047,
    "p90_ms": 3.71416700012378,
    "p95_ms": 3.7388560000526923,
    "p99_ms": 3.8981009999024536,
    "max_ms": 6.077805999918928,
    "std_ms": 0.5220232915475769,
    "samples": 3415,
    "errors": 0,
    "throughput_qps": 341.5
  },
  "delta_p99_normal_ms": 10.830279999810955,
  "delta_p99_burst_ms": 17.778401000088706,
  "delta_p99_percent": 82.01692782394483,
  "antifragility_score": 2.209717194603706,
  "certification_passed": true,
  "timestamp": "2025-12-01T18:37:12.028658",
  "environment": {
    "cuda_available": "N/A",
    "numpy_version": "2.3.5",
    "python_version": "3.11.14"
  }
}