{
  "config": "baseline",
  "timestamp": "2025-12-01T20:26:51.087062",
  "num_requests": 200,
  "latency": {
    "mean": 12.558017998816377,
    "median": 12.64103906705991,
    "p95": 15.863995589974241,
    "p99": 17.631141674333584,
    "min": 5.9977970913750465,
    "max": 18.341554468251154,
    "stddev": 2.243904445903575
  },
  "rewards": {
    "mean": 0.6536816803431719,
    "min": 0.3753587255113636,
    "max": 0.9162520513269713,
    "stddev": 0.1051260343294664
  },
  "exploration_modes": {
    "exploratory": 0,
    "balanced": 0,
    "conservative": 0
  },
  "elapsed_seconds": 0.0007004737854003906
}